{
  "IsEncrypted": false,
  "Values": {
    "AzureWebJobsStorage": "UseDevelopmentStorage=true",
    "AzureWebJobsDashboard": "UseDevelopmentStorage=true",
    "TopicName": "member",
    "SubscriptionName": "UpdateMember",
    "AzureBusConnectionString": "Endpoint=sb://hcm360-329308.servicebus.windows.net/;SharedAccessKeyName=RootManageSharedAccessKey;SharedAccessKey=/BoX7A0B4VraUwJROx/C55IP+KZ6oqtZOvoIe/km3dc=",
    "SqlConnectionString": "Server=tcp:mcnetcoredev.database.windows.net,1433;Initial Catalog=HCM3560;Persist Security Info=False;User ID=hari;Password=Mcnetcoredev@;MultipleActiveResultSets=False;Encrypt=True;TrustServerCertificate=False;Connection Timeout=30;"
  }
}